<?xml version="1.0" encoding="utf-8" standalone="yes"?>
<customimports version="1.0">
  <customimport code="ACI">
    <name>Custom Import</name>
    <versions>
      <version>2.0</version>
      <version>1.0</version>
    </versions>
    <scriptname>import.jsp</scriptname>
    <tbscript>tbimport</tbscript>
    <glscript>glimport</glscript>
  </customimport>
  <customimport code="AC1">
    <name>Custom Import 1</name>
    <versions>
      <version>2.0</version>
      <version>1.0</version>
    </versions>
    <tbscript>tbimport</tbscript>
  </customimport>
  <customimport code="AC2">
    <name>Custom Import 2</name>
    <versions>
      <version>2.0</version>
      <version>1.0</version>
    </versions>
    <glscript>glimport</glscript>
  </customimport>
</customimports>
